district,year,heat35,heat30,t_max_abs,rh_min_mean,precip_sum
Angor,2005,24,56,45.04,23.812,86.641
Angor,2006,50,71,42.422,20.692,41.526
Angor,2007,39,68,45.79,25.396,89.811
Angor,2008,51,70,43.518,19.466,24.295
Angor,2009,25,50,40.062,26.87,117.416
Angor,2010,28,62,42.34,26.574,74.596
Angor,2011,53,71,42.946,16.888,20.125
Angor,2012,28,52,40.255,25.616,92.983
Angor,2013,38,58,43.407,22.223,69.236
Angor,2014,32,62,43.527,23.827,91.034
Angor,2015,40,65,43.669,22.778,48.017
Angor,2016,46,64,43.715,25.309,98.295
Angor,2017,49,68,43.887,22.026,70.208
Angor,2018,37,65,43.112,19.666,47.678
Angor,2019,36,56,40.119,23.761,105.895
Angor,2020,40,55,44.598,23.29,92.476
Angor,2021,47,68,44.692,16.3,41.207
Angor,2022,40,78,46.454,20.839,50.11
Angor,2023,50,71,44.737,15.876,26.58
Angor,2024,38,57,43.386,22.949,93.849
Bandixon,2005,3,20,37.952,37.83,214.406
Bandixon,2006,5,36,35.811,33.338,172.948
Bandixon,2007,7,25,39.166,39.323,266.469
Bandixon,2008,6,42,37.886,31.482,119.218
Bandixon,2009,0,11,33.66,42.175,372.995
Bandixon,2010,0,14,34.925,43.506,313.492
Bandixon,2011,3,41,36.181,32.674,193.869
Bandixon,2012,0,16,33.497,40.732,299.125
Bandixon,2013,8,27,36.879,37.029,265.182
Bandixon,2014,6,23,37.008,37.099,261.652
Bandixon,2015,6,29,36.848,35.149,184.157
Bandixon,2016,5,25,36.357,40.568,348.829
Bandixon,2017,5,39,37.197,34.639,221.787
Bandixon,2018,1,28,35.956,35.841,267.042
Bandixon,2019,0,15,32.706,41.625,390.159
Bandixon,2020,1,28,37.114,39.452,357.764
Bandixon,2021,6,40,38.745,29.227,156.388
Bandixon,2022,7,24,39.677,35.879,280.521
Bandixon,2023,12,37,37.919,29.173,138.532
Bandixon,2024,1,26,36.391,39.37,332.766
Boysun,2005,0,5,33.88,41.696,262.618
Boysun,2006,0,14,32.108,34.803,155.262
Boysun,2007,1,11,35.334,40.982,236.821
Boysun,2008,0,14,34.395,33.83,125.91
Boysun,2009,0,0,29.464,43.662,334.369
Boysun,2010,0,3,30.495,45.002,291.206
Boysun,2011,0,11,32.284,34.814,157.506
Boysun,2012,0,0,29.732,42.889,298.225
Boysun,2013,0,11,32.953,38.321,239.101
Boysun,2014,0,11,32.99,40.058,275.667
Boysun,2015,0,11,32.917,36.114,163.528
Boysun,2016,0,9,32.208,42.19,332.321
Boysun,2017,0,11,33.663,37.189,200.449
Boysun,2018,0,2,31.999,37.977,235.823
Boysun,2019,0,0,28.692,43.311,334.726
Boysun,2020,0,5,33.627,40.35,286.919
Boysun,2021,0,18,34.973,31.394,166.767
Boysun,2022,2,8,36.542,36.787,218.35
Boysun,2023,0,21,33.857,30.827,124.768
Boysun,2024,0,9,33.048,41.765,289.047
Denov,2005,8,24,39.837,37.944,193.217
Denov,2006,17,52,38.028,31.222,119.413
Denov,2007,14,42,39.84,36.658,181.093
Denov,2008,19,51,38.83,30.861,107.704
Denov,2009,3,18,36.064,40.785,286.227
Denov,2010,8,23,37.262,39.8,211.854
Denov,2011,21,56,38.571,30.129,123.914
Denov,2012,3,28,35.945,38.867,215.595
Denov,2013,17,38,38.996,33.884,173.036
Denov,2014,11,32,39.195,37.695,257.641
Denov,2015,14,41,38.573,33.643,197.246
Denov,2016,17,41,39.662,37.089,239.632
Denov,2017,23,52,39.941,33.789,221.678
Denov,2018,14,40,37.999,32.478,171.809
Denov,2019,4,30,35.566,36.012,211.568
Denov,2020,9,37,38.756,36.896,276.9
Denov,2021,27,47,40.391,29.524,144.771
Denov,2022,10,33,41.589,34.061,189.083
Denov,2023,25,44,39.916,27.46,75.135
Denov,2024,15,35,39.914,38.729,299.247
Jarqo'rg'on,2005,22,48,44.64,26.281,112.893
Jarqo'rg'on,2006,42,68,41.47,22.389,51.084
Jarqo'rg'on,2007,32,66,44.646,27.592,102.879
Jarqo'rg'on,2008,51,67,42.945,20.47,39.265
Jarqo'rg'on,2009,19,43,39.591,29.162,142.573
Jarqo'rg'on,2010,23,57,41.567,28.569,96.405
Jarqo'rg'on,2011,53,69,42.439,18.047,37.491
Jarqo'rg'on,2012,23,45,39.569,28.76,130.159
Jarqo'rg'on,2013,33,56,42.442,24.348,86.611
Jarqo'rg'on,2014,30,57,42.67,26.054,119.281
Jarqo'rg'on,2015,39,61,42.431,24.785,70.141
Jarqo'rg'on,2016,40,59,42.87,27.198,111.662
Jarqo'rg'on,2017,47,67,43.422,24.464,84.632
Jarqo'rg'on,2018,36,63,42.169,21.079,73.834
Jarqo'rg'on,2019,27,55,39.267,25.118,115.222
Jarqo'rg'on,2020,34,50,44.277,25.187,112.21
Jarqo'rg'on,2021,45,65,44.225,17.326,42.792
Jarqo'rg'on,2022,35,72,45.298,22.753,70.629
Jarqo'rg'on,2023,42,68,44.048,17.649,43.804
Jarqo'rg'on,2024,33,52,43.222,26.532,128.317
Muzrabod,2005,23,51,44.566,25.73,93.938
Muzrabod,2006,44,68,41.596,22.314,46.467
Muzrabod,2007,34,66,44.927,27.51,97.674
Muzrabod,2008,51,66,42.76,20.73,30.842
Muzrabod,2009,22,48,39.72,28.716,127.9
Muzrabod,2010,24,58,41.528,28.026,76.736
Muzrabod,2011,53,69,42.484,17.836,28.263
Muzrabod,2012,24,49,39.558,27.842,112.321
Muzrabod,2013,35,56,42.53,24.245,76.278
Muzrabod,2014,31,60,42.867,25.856,102.924
Muzrabod,2015,40,63,42.896,24.229,55.058
Muzrabod,2016,42,59,43.276,27.141,101.355
Muzrabod,2017,48,68,43.375,24.345,77.785
Muzrabod,2018,37,64,42.454,20.827,62.331
Muzrabod,2019,30,55,39.379,25.215,110.749
Muzrabod,2020,37,50,44.338,24.51,95.041
Muzrabod,2021,46,66,44.455,16.949,41.305
Muzrabod,2022,36,71,45.712,22.388,62.981
Muzrabod,2023,42,69,44.23,17.296,33.302
Muzrabod,2024,35,55,43.235,24.798,101.216
Oltinsoy,2005,7,24,39.913,35.778,173.255
Oltinsoy,2006,16,50,37.692,29.036,91.094
Oltinsoy,2007,12,41,39.814,34.964,146.07
Oltinsoy,2008,17,51,38.406,28.795,94.381
Oltinsoy,2009,3,21,35.877,38.547,209.918
Oltinsoy,2010,8,23,37.295,37.016,164.305
Oltinsoy,2011,21,56,38.363,27.696,91.631
Oltinsoy,2012,1,27,35.724,36.899,197.563
Oltinsoy,2013,17,38,39.072,32.064,143.992
Oltinsoy,2014,12,33,38.843,34.96,199.134
Oltinsoy,2015,14,41,38.532,31.91,140.279
Oltinsoy,2016,18,39,39.756,35.004,183.353
Oltinsoy,2017,22,50,39.839,31.034,153.969
Oltinsoy,2018,13,40,38.053,29.354,140.847
Oltinsoy,2019,3,30,35.227,34.34,180.912
Oltinsoy,2020,11,37,39.102,35.032,229.213
Oltinsoy,2021,27,50,40.567,26.137,101.37
Oltinsoy,2022,12,35,41.707,31.682,149.304
Oltinsoy,2023,25,44,39.992,25.129,65.203
Oltinsoy,2024,14,34,39.736,36.113,238.983
Qiziriq,2005,15,32,42.171,30.226,128.302
Qiziriq,2006,25,60,39.029,26.183,70.533
Qiziriq,2007,19,52,42.763,32.722,144.545
Qiziriq,2008,31,56,41.005,24.026,55.467
Qiziriq,2009,6,31,37.351,33.901,195.04
Qiziriq,2010,13,29,38.991,34.002,145.662
Qiziriq,2011,35,60,40.167,22.376,72.447
Qiziriq,2012,7,33,36.861,32.848,189.297
Qiziriq,2013,20,40,40.311,29.354,136.402
Qiziriq,2014,17,44,40.574,30.323,135.748
Qiziriq,2015,23,49,40.408,27.581,93.143
Qiziriq,2016,22,51,40.773,31.184,131.275
Qiziriq,2017,32,52,41.299,28.007,120.918
Qiziriq,2018,22,44,40.087,25.506,124.448
Qiziriq,2019,8,39,36.652,30.977,179.508
Qiziriq,2020,20,42,40.995,30.888,175.609
Qiziriq,2021,33,54,42.123,20.425,62.335
Qiziriq,2022,18,52,43.135,27.296,137.884
Qiziriq,2023,32,60,41.524,21.866,66.367
Qiziriq,2024,23,44,40.636,30.02,158.697
Qumqo'rg'on,2005,19,36,43.556,30.341,121.768
Qumqo'rg'on,2006,27,62,39.879,26.05,64.453
Qumqo'rg'on,2007,22,56,43.199,31.905,117.043
Qumqo'rg'on,2008,38,58,41.131,23.898,54.833
Qumqo'rg'on,2009,10,32,38.706,33.259,165.465
Qumqo'rg'on,2010,15,42,40.711,31.974,110.623
Qumqo'rg'on,2011,47,65,41.342,21.357,59.498
Qumqo'rg'on,2012,11,39,38.173,32.234,141.584
Qumqo'rg'on,2013,28,48,41.512,27.944,111.426
Qumqo'rg'on,2014,22,51,41.699,29.712,144.299
Qumqo'rg'on,2015,27,54,41.538,26.844,84.356
Qumqo'rg'on,2016,29,54,42.102,30.671,141.07
Qumqo'rg'on,2017,39,56,42.356,28.005,121.351
Qumqo'rg'on,2018,31,54,41.218,23.845,98.534
Qumqo'rg'on,2019,19,47,38.03,28.489,134.196
Qumqo'rg'on,2020,32,45,42.584,29.19,156.312
Qumqo'rg'on,2021,41,62,43.453,19.508,54.682
Qumqo'rg'on,2022,26,63,44.491,26.534,110.877
Qumqo'rg'on,2023,38,63,42.795,20.814,39.203
Qumqo'rg'on,2024,28,48,42.659,29.727,159.831
Sariosiyo,2005,0,8,34.455,44.618,370.271
Sariosiyo,2006,0,19,33.2,36.345,191.766
Sariosiyo,2007,1,14,35.047,41.276,298.666
Sariosiyo,2008,0,23,34.14,36.183,191.993
Sariosiyo,2009,0,3,30.482,45.347,468.016
Sariosiyo,2010,0,5,31.165,45.846,399.163
Sariosiyo,2011,0,22,33.192,35.301,201.506
Sariosiyo,2012,0,2,30.714,44.263,403.807
Sariosiyo,2013,0,19,33.984,38.68,260.911
Sariosiyo,2014,0,11,34.018,43.335,370.606
Sariosiyo,2015,0,15,33.052,38.171,321.235
Sariosiyo,2016,0,16,34.444,42.138,371.67
Sariosiyo,2017,0,23,34.723,37.863,305.826
Sariosiyo,2018,0,11,32.262,40.385,346.714
Sariosiyo,2019,0,3,30.405,40.936,328.56
Sariosiyo,2020,0,8,34.086,41.819,425.473
Sariosiyo,2021,0,23,34.755,35.924,348.718
Sariosiyo,2022,2,8,36.05,40.403,431.796
Sariosiyo,2023,0,25,34.388,33.752,172.813
Sariosiyo,2024,0,16,34.55,43.546,515.878
Sherobod,2005,18,36,42.948,31.225,164.822
Sherobod,2006,32,63,40.144,26.133,81.888
Sherobod,2007,23,57,43.902,32.721,174.848
Sherobod,2008,38,57,42.204,24.585,68.036
Sherobod,2009,11,31,38.175,35.343,237.396
Sherobod,2010,14,34,39.922,35.384,197.435
Sherobod,2011,43,63,40.982,23.236,93.219
Sherobod,2012,12,38,37.923,34.235,245.381
Sherobod,2013,26,42,41.395,29.753,168.994
Sherobod,2014,21,52,41.588,30.528,152.303
Sherobod,2015,26,54,41.566,28.671,117.335
Sherobod,2016,26,53,41.512,31.653,156.744
Sherobod,2017,40,56,42.059,27.813,135.414
Sherobod,2018,28,50,40.954,26.595,156.758
Sherobod,2019,14,41,37.34,32.936,233.164
Sherobod,2020,25,44,41.865,32.008,218.728
Sherobod,2021,37,58,42.803,21.414,79.224
Sherobod,2022,23,59,44.108,27.84,161.698
Sherobod,2023,36,61,42.589,21.973,89.062
Sherobod,2024,26,46,41.317,31.224,199.098
Sho'rchi,2005,17,35,43.282,32.0,138.845
Sho'rchi,2006,27,62,40.19,26.52,64.539
Sho'rchi,2007,21,56,42.956,32.681,121.363
Sho'rchi,2008,35,58,41.121,25.296,67.55
Sho'rchi,2009,11,32,38.734,34.565,159.301
Sho'rchi,2010,15,38,40.637,33.004,120.13
Sho'rchi,2011,48,65,41.186,23.208,64.835
Sho'rchi,2012,11,35,38.394,34.329,161.101
Sho'rchi,2013,28,48,41.986,28.551,116.36
Sho'rchi,2014,21,49,41.718,30.925,152.393
Sho'rchi,2015,27,53,41.558,28.634,98.629
Sho'rchi,2016,30,53,42.398,31.339,137.464
Sho'rchi,2017,41,55,42.464,28.745,123.94
Sho'rchi,2018,30,53,41.292,25.071,107.356
Sho'rchi,2019,19,47,38.157,30.543,145.001
Sho'rchi,2020,28,44,41.78,31.621,194.108
Sho'rchi,2021,36,61,43.009,22.059,77.173
Sho'rchi,2022,22,57,44.227,28.098,119.387
Sho'rchi,2023,35,61,42.163,21.923,49.846
Sho'rchi,2024,25,46,42.033,32.57,197.063
Termiz tumani,2005,24,58,45.447,25.903,100.54
Termiz tumani,2006,53,70,42.359,22.966,46.84
Termiz tumani,2007,41,69,45.534,27.584,91.845
Termiz tumani,2008,52,72,44.113,19.808,28.643
Termiz tumani,2009,28,52,40.275,29.789,125.491
Termiz tumani,2010,29,62,42.47,30.421,112.067
Termiz tumani,2011,53,72,42.972,18.181,28.396
Termiz tumani,2012,31,55,40.259,28.287,94.791
Termiz tumani,2013,39,61,42.967,24.163,71.902
Termiz tumani,2014,34,67,43.762,25.676,109.533
Termiz tumani,2015,41,65,43.689,25.118,75.377
Termiz tumani,2016,49,66,43.711,27.228,98.18
Termiz tumani,2017,48,69,43.766,24.254,87.097
Termiz tumani,2018,38,65,43.327,20.887,62.0
Termiz tumani,2019,38,60,40.566,24.443,103.321
Termiz tumani,2020,40,56,45.063,25.018,109.673
Termiz tumani,2021,47,70,44.881,17.956,38.78
Termiz tumani,2022,42,76,46.042,23.604,54.913
Termiz tumani,2023,48,71,44.655,18.356,41.727
Termiz tumani,2024,38,57,43.222,26.331,103.138
Uzun,2005,4,17,38.019,38.006,207.37
Uzun,2006,8,36,36.129,30.492,120.841
Uzun,2007,7,27,38.219,36.02,174.267
Uzun,2008,6,41,37.027,30.712,122.435
Uzun,2009,0,12,34.063,40.468,267.269
Uzun,2010,1,14,35.008,39.418,195.496
Uzun,2011,7,46,36.603,30.053,116.464
Uzun,2012,0,11,33.859,38.501,249.098
Uzun,2013,10,29,37.25,33.941,169.105
Uzun,2014,7,22,37.049,37.381,242.208
Uzun,2015,5,28,36.632,33.401,167.952
Uzun,2016,9,31,37.816,37.024,230.107
Uzun,2017,9,43,38.22,32.359,177.458
Uzun,2018,3,33,36.131,31.522,177.677
Uzun,2019,0,20,33.424,36.158,221.012
Uzun,2020,2,31,37.899,35.853,269.706
Uzun,2021,14,43,39.057,27.534,110.083
Uzun,2022,6,29,40.216,32.805,168.958
Uzun,2023,20,39,38.962,25.961,80.577
Uzun,2024,8,28,38.474,36.82,280.179
