district,year,area_ha,production_t,yield_ts_ga,f1,f2
Surxondaryo (viloyat),2005,114593.0,558623.0,47.5,,
Surxondaryo (viloyat),2006,35289.0,571596.0,50.6,,
Surxondaryo (viloyat),2007,112425.0,575913.0,51.3,,
Surxondaryo (viloyat),2008,113409.0,578379.0,51.5,,
Surxondaryo (viloyat),2009,117373.0,640317.0,54.7,,
Surxondaryo (viloyat),2010,114756.0,595187.0,51.9,,
Surxondaryo (viloyat),2011,113471.0,576138.0,50.8,,
Surxondaryo (viloyat),2012,114347.0,594742.0,52.0,,
Surxondaryo (viloyat),2013,117728.0,600600.0,51.0,,
Surxondaryo (viloyat),2014,118458.0,606375.0,51.2,,
Surxondaryo (viloyat),2015,118522.0,608001.0,51.3,,
Surxondaryo (viloyat),2016,117456.0,604217.0,51.1,,
Surxondaryo (viloyat),2017,118009.0,577468.0,48.9,,
Surxondaryo (viloyat),2018,110953.0,475339.0,42.8,,
Surxondaryo (viloyat),2019,109254.0,551954.0,50.4,,
Surxondaryo (viloyat),2020,113033.0,595704.0,52.6,,
Surxondaryo (viloyat),2021,112681.0,614101.0,56.8,,
Surxondaryo (viloyat),2022,104800.3,640290.12,54.0,,
Surxondaryo (viloyat),2023,103632.0,652742.63,62.6,,
Surxondaryo (viloyat),2024,94590.0,653603.6,59.3,,
Termiz shahri,2005,0.0,0.0,,,
Termiz shahri,2006,0.0,0.0,,,
Termiz shahri,2007,0.0,0.0,,,
Termiz shahri,2008,15.0,19.0,12.7,,
Termiz shahri,2009,40.0,63.0,15.75,,
Termiz shahri,2010,10.0,20.0,20.0,,
Termiz shahri,2011,6.0,18.0,30.0,,
Termiz shahri,2012,3.0,0.0,,,
Termiz shahri,2013,3.0,9.0,30.0,,
Termiz shahri,2014,0.0,0.0,,,
Termiz shahri,2015,0.0,0.0,,,
Termiz shahri,2016,15.0,12.0,8.0,,
Termiz shahri,2017,0.0,4.0,20.0,,
Termiz shahri,2018,7.0,32.0,45.7142857142857,,
Termiz shahri,2019,20.0,44.0,22.3,,
Termiz shahri,2020,39.0,85.0,25.5,,
Termiz shahri,2021,61.0,95.2,18.8,,
Termiz shahri,2022,55.0,118.6,20.7,,
Termiz shahri,2023,30.0,142.0,45.7,,
Termiz shahri,2024,24.0,144.4,59.3,,
Oltinsoy,2005,5181.0,23153.0,44.6882841150357,,
Oltinsoy,2006,2389.0,23664.0,46.1,,
Oltinsoy,2007,5003.0,24936.0,49.8,,
Oltinsoy,2008,5126.0,25487.0,49.7200546234881,,
Oltinsoy,2009,5243.0,29336.0,55.952698836544,,
Oltinsoy,2010,4993.0,27546.0,55.1692369317044,,
Oltinsoy,2011,5094.0,30065.0,59.0,,
Oltinsoy,2012,5139.0,30485.0,59.3,,
Oltinsoy,2013,5055.0,30619.0,60.5717111770524,,
Oltinsoy,2014,5125.0,30680.0,59.8634146341463,,
Oltinsoy,2015,5125.0,30781.0,58.5,,
Oltinsoy,2016,5089.0,31284.0,61.5,,
Oltinsoy,2017,4676.0,20667.0,49.3,,
Oltinsoy,2018,4093.0,15680.0,38.3093085756169,,
Oltinsoy,2019,4376.0,19990.0,45.6,,
Oltinsoy,2020,4609.0,20730.0,44.7,,
Oltinsoy,2021,4478.0,22180.1,51.9,,
Oltinsoy,2022,4775.2,25154.27,52.6,,
Oltinsoy,2023,4621.6,26503.52,57.3,,
Oltinsoy,2024,4385.6,27025.2,61.4,,
Angor,2005,6552.0,32439.0,49.5100732600733,,
Angor,2006,951.0,33430.0,49.4,,
Angor,2007,6903.0,37497.0,54.3,,
Angor,2008,6815.0,37846.0,55.5333822450477,,
Angor,2009,7012.0,42781.0,61.0111237877924,,
Angor,2010,6467.0,37052.0,57.293953919901,,
Angor,2011,6022.0,36913.0,61.3,,
Angor,2012,6224.0,37084.0,59.4,,
Angor,2013,6705.0,37186.0,55.4601043997017,,
Angor,2014,6806.0,37323.0,54.8383779018513,,
Angor,2015,6795.0,37343.0,56.8,,
Angor,2016,7332.0,37345.0,50.9,,
Angor,2017,7038.0,22709.0,58.5,,
Angor,2018,5414.0,24628.0,45.4894717399335,,
Angor,2019,5280.0,30776.0,58.3,,
Angor,2020,5153.0,36448.0,70.7,,
Angor,2021,6164.0,38936.7,64.3,,
Angor,2022,5823.6,35941.5,60.8,,
Angor,2023,6892.7,52966.8,76.8,,
Angor,2024,7020.9,53100.0,75.6,,
Bandixon,2005,5745.0,27226.0,47.390774586597,,
Bandixon,2006,1489.0,27473.0,47.9,,
Bandixon,2007,5635.0,25696.0,45.6,,
Bandixon,2008,5709.0,26228.0,45.9414958836924,,
Bandixon,2009,5824.0,28872.0,49.5741758241758,,
Bandixon,2010,5821.5,0.0,0.0,,
Bandixon,2011,0.0,0.0,,,
Bandixon,2012,0.0,0.0,,,
Bandixon,2013,0.0,0.0,,,
Bandixon,2014,0.0,0.0,,,
Bandixon,2015,0.0,0.0,,,
Bandixon,2016,0.0,0.0,,,
Bandixon,2017,0.0,0.0,,,
Bandixon,2018,0.0,0.0,,,
Bandixon,2019,0.0,0.0,,,
Bandixon,2020,5441.0,25338.0,46.6,,
Bandixon,2021,6011.0,27032.6,48.8,,
Bandixon,2022,5918.8,27581.31,37.0,,
Bandixon,2023,4903.3,27575.2,56.1,,
Bandixon,2024,5092.0,28828.3,56.6,,
Boysun,2005,4227.0,7826.0,18.5143127513603,,
Boysun,2006,1049.0,6684.0,47.8,,
Boysun,2007,1712.0,6689.0,43.0,,
Boysun,2008,2177.0,6731.0,46.353305785124,,
Boysun,2009,3557.0,6760.0,19.004779308406,,
Boysun,2010,2460.0,7440.0,30.2439024390244,,
Boysun,2011,2159.0,7333.0,34.0,,
Boysun,2012,2138.0,7370.0,34.5,,
Boysun,2013,4719.0,7407.0,15.6961220597584,,
Boysun,2014,4763.0,7527.0,15.8030652949822,,
Boysun,2015,4812.0,7067.0,43.1,,
Boysun,2016,4436.0,7951.0,17.9,,
Boysun,2017,2302.0,6435.0,24.4,,
Boysun,2018,2494.0,4079.0,16.355252606255,,
Boysun,2019,2917.0,4550.0,15.6,,
Boysun,2020,2334.0,3460.0,14.8,,
Boysun,2021,2563.0,3854.6,18.3,,
Boysun,2022,2685.1,4332.17,16.1,,
Boysun,2023,2829.6,3797.75,13.2,,
Boysun,2024,2701.6,3962.5,14.7,,
Muzrabod,2005,12492.0,62866.0,50.3250080051233,,
Muzrabod,2006,1962.0,65692.0,50.1,,
Muzrabod,2007,13100.0,67227.0,51.3,,
Muzrabod,2008,13109.0,67764.0,51.6924250514913,,
Muzrabod,2009,12888.0,73687.0,57.1748913718188,,
Muzrabod,2010,13132.0,71690.0,54.5918367346939,,
Muzrabod,2011,13532.0,71430.0,52.8,,
Muzrabod,2012,13517.0,72252.0,53.5,,
Muzrabod,2013,13504.0,72340.0,53.5693127962085,,
Muzrabod,2014,13564.0,72407.0,53.3817457976998,,
Muzrabod,2015,13572.0,72592.0,53.0,,
Muzrabod,2016,14255.0,72906.0,50.3,,
Muzrabod,2017,16980.0,82853.0,47.5,,
Muzrabod,2018,15469.0,56294.0,36.3914926627449,,
Muzrabod,2019,14619.0,87711.0,60.0,,
Muzrabod,2020,14713.0,92095.0,62.6,,
Muzrabod,2021,13554.0,88954.9,65.8,,
Muzrabod,2022,10507.0,92867.45,76.4,,
Muzrabod,2023,11850.8,91465.11,77.0,,
Muzrabod,2024,12736.9,104861.8,82.2,,
Denov,2005,12121.0,63764.0,52.6062206088607,,
Denov,2006,5804.0,64622.0,56.7,,
Denov,2007,11349.0,64642.0,57.0,,
Denov,2008,11420.0,66963.0,58.6364273204904,,
Denov,2009,11860.0,80942.0,68.247892074199,,
Denov,2010,10509.0,66046.0,62.847083452279,,
Denov,2011,10539.0,68537.0,65.0,,
Denov,2012,10706.0,68580.0,64.1,,
Denov,2013,10897.0,68628.0,62.9788015050014,,
Denov,2014,10969.0,68646.0,62.5818214969459,,
Denov,2015,10994.0,68663.0,51.5,,
Denov,2016,11115.0,68799.0,61.9,,
Denov,2017,10824.0,71276.0,65.9,,
Denov,2018,9659.0,64436.0,66.7108396314318,,
Denov,2019,8810.0,49712.0,56.4,,
Denov,2020,8857.0,63021.0,71.2,,
Denov,2021,10371.0,69257.4,72.4,,
Denov,2022,10110.5,78205.74,60.3,,
Denov,2023,10399.7,81939.0,78.8,,
Denov,2024,10687.4,84854.9,79.4,,
Jarqo'rg'on,2005,9279.0,47802.0,51.51632719043,,
Jarqo'rg'on,2006,1213.0,50383.0,51.0,,
Jarqo'rg'on,2007,9640.0,50510.0,52.4,,
Jarqo'rg'on,2008,9698.0,51873.0,53.4888636832337,,
Jarqo'rg'on,2009,10176.0,56447.0,55.470715408805,,
Jarqo'rg'on,2010,10504.0,47919.0,45.6197638994669,,
Jarqo'rg'on,2011,10767.0,43977.0,40.9,,
Jarqo'rg'on,2012,10521.0,51490.0,48.9,,
Jarqo'rg'on,2013,10541.0,51404.0,48.765771748411,,
Jarqo'rg'on,2014,10463.0,52172.0,49.8633279174233,,
Jarqo'rg'on,2015,10434.0,52512.0,49.4,,
Jarqo'rg'on,2016,10413.0,52429.0,50.3,,
Jarqo'rg'on,2017,9921.0,51180.0,50.0,,
Jarqo'rg'on,2018,9051.0,35647.0,39.3845983869186,,
Jarqo'rg'on,2019,9273.0,41567.0,44.8,,
Jarqo'rg'on,2020,11733.0,59391.0,50.0,,
Jarqo'rg'on,2021,11568.0,59716.3,53.7,,
Jarqo'rg'on,2022,9623.2,58756.75,53.7,,
Jarqo'rg'on,2023,8988.3,63264.58,69.2,,
Jarqo'rg'on,2024,9158.2,74300.8,80.0,,
Qumqo'rg'on,2005,11244.0,57175.0,50.8493418712202,,
Qumqo'rg'on,2006,6308.0,57791.0,50.5,,
Qumqo'rg'on,2007,11338.0,53545.0,47.2,,
Qumqo'rg'on,2008,11305.0,54447.0,48.1618752764264,,
Qumqo'rg'on,2009,11499.0,58255.0,50.6609270371337,,
Qumqo'rg'on,2010,11750.0,58775.0,50.0212765957447,,
Qumqo'rg'on,2011,11800.0,60660.0,51.4,,
Qumqo'rg'on,2012,11804.0,60731.0,51.4,,
Qumqo'rg'on,2013,11757.0,61340.0,52.1731734285957,,
Qumqo'rg'on,2014,11854.0,61578.0,51.947022102244,,
Qumqo'rg'on,2015,11879.0,61911.0,52.1,,
Qumqo'rg'on,2016,11633.0,62430.0,53.7,,
Qumqo'rg'on,2017,10743.0,81822.0,40.1,,
Qumqo'rg'on,2018,11365.0,47488.0,41.7844258688957,,
Qumqo'rg'on,2019,10947.0,46368.0,42.3,,
Qumqo'rg'on,2020,13059.0,63212.0,48.4,,
Qumqo'rg'on,2021,14306.0,63557.9,44.4,,
Qumqo'rg'on,2022,10642.5,54504.9,51.2,,
Qumqo'rg'on,2023,11179.7,53617.9,48.0,,
Qumqo'rg'on,2024,10511.5,56623.1,53.9,,
Qiziriq,2005,10770.0,59952.0,55.6657381615599,,
Qiziriq,2006,1446.0,66319.0,60.4,,
Qiziriq,2007,10900.0,66367.0,60.9,,
Qiziriq,2008,10795.0,57399.0,53.1718388142659,,
Qiziriq,2009,11069.0,63975.0,57.7965489204084,,
Qiziriq,2010,11328.0,82591.0,72.9087217514124,,
Qiziriq,2011,17170.0,71132.0,41.4,,
Qiziriq,2012,17102.0,73509.0,43.0,,
Qiziriq,2013,17161.0,73785.0,42.9957461686382,,
Qiziriq,2014,17200.0,73880.0,42.9517441860465,,
Qiziriq,2015,17177.0,74335.0,43.3,,
Qiziriq,2016,16739.0,74349.0,44.4,,
Qiziriq,2017,20575.0,49081.0,37.7,,
Qiziriq,2018,18972.0,59745.0,31.4911448450348,,
Qiziriq,2019,19790.0,91250.0,46.2,,
Qiziriq,2020,13859.0,46756.0,33.7,,
Qiziriq,2021,12077.0,45500.2,37.7,,
Qiziriq,2022,11930.8,40630.7,34.1,,
Qiziriq,2023,11546.7,39904.6,34.6,,
Qiziriq,2024,2051.5,7419.6,36.2,,
Sariosiyo,2005,4910.0,30588.0,62.2973523421589,,
Sariosiyo,2006,3268.0,28690.0,63.6,,
Sariosiyo,2007,4299.0,28936.0,67.3,,
Sariosiyo,2008,4737.0,28351.0,64.1135232926278,,
Sariosiyo,2009,4882.0,29070.0,59.5452683326506,,
Sariosiyo,2010,4127.0,27085.0,65.6287860431306,,
Sariosiyo,2011,4148.0,27426.0,66.1,,
Sariosiyo,2012,4132.0,27433.0,66.4,,
Sariosiyo,2013,4424.0,27478.0,62.1112115732369,,
Sariosiyo,2014,4476.0,27475.0,61.3896336014299,,
Sariosiyo,2015,4474.0,27500.0,56.8,,
Sariosiyo,2016,4393.0,22034.0,50.2,,
Sariosiyo,2017,4047.0,23508.0,56.3,,
Sariosiyo,2018,4048.0,22674.0,56.0128458498024,,
Sariosiyo,2019,3240.0,16696.0,51.3,,
Sariosiyo,2020,3244.0,16925.0,51.7,,
Sariosiyo,2021,3140.0,17395.3,59.2,,
Sariosiyo,2022,3082.8,20030.64,48.6,,
Sariosiyo,2023,2802.2,20716.3,66.6,,
Sariosiyo,2024,3114.1,20989.8,60.8,,
Termiz tumani,2005,4978.0,21977.0,44.1482523101647,,
Termiz tumani,2006,1849.0,22171.0,44.2,,
Termiz tumani,2007,4984.0,21231.0,42.6,,
Termiz tumani,2008,4702.0,20250.0,43.0667800935772,,
Termiz tumani,2009,4761.0,25851.0,54.2974165091367,,
Termiz tumani,2010,5246.1,28467.0,54.2631669240007,,
Termiz tumani,2011,5179.0,26200.0,50.6,,
Termiz tumani,2012,4997.0,26454.0,52.9,,
Termiz tumani,2013,5051.0,26462.0,52.38962581667,,
Termiz tumani,2014,5091.0,26609.0,52.2667452366922,,
Termiz tumani,2015,5091.0,26797.0,48.7,,
Termiz tumani,2016,4922.0,26750.0,54.3,,
Termiz tumani,2017,3837.0,25790.0,56.0,,
Termiz tumani,2018,3195.0,15940.0,49.8904538341158,,
Termiz tumani,2019,3128.0,16968.0,51.7,,
Termiz tumani,2020,3232.0,19020.0,57.3,,
Termiz tumani,2021,2955.0,22001.6,74.8,,
Termiz tumani,2022,2975.7,20921.37,63.5,,
Termiz tumani,2023,3166.4,23178.77,73.2,,
Termiz tumani,2024,2864.7,22403.2,75.1,,
Uzun,2005,5686.0,26802.0,47.1368272951108,,
Uzun,2006,2863.0,26070.0,47.7,,
Uzun,2007,5509.0,26150.0,47.5,,
Uzun,2008,5280.0,28037.0,53.1005681818182,,
Uzun,2009,5785.0,32507.0,56.1918755401902,,
Uzun,2010,5780.0,34281.0,59.3096885813149,,
Uzun,2011,4408.0,24003.0,54.5,,
Uzun,2012,5497.0,28094.0,51.1,,
Uzun,2013,5467.0,28197.0,51.5767331260289,,
Uzun,2014,5507.0,28265.0,51.325585618304,,
Uzun,2015,5517.0,28277.0,56.7,,
Uzun,2016,4878.0,28291.0,58.0,,
Uzun,2017,4235.0,20505.0,58.1,,
Uzun,2018,3751.0,16108.0,42.9432151426286,,
Uzun,2019,3878.0,17325.0,44.6,,
Uzun,2020,3805.0,17340.0,45.5,,
Uzun,2021,3268.0,16446.3,55.4,,
Uzun,2022,4904.8,25931.95,38.6,,
Uzun,2023,4180.5,26032.3,62.1,,
Uzun,2024,3950.3,25877.6,63.0,,
Sherobod,2005,14365.0,60405.0,42.0501218238775,,
Sherobod,2006,2545.0,62282.0,41.5,,
Sherobod,2007,14970.0,64651.0,43.2,,
Sherobod,2008,15276.0,69028.0,45.1871563236449,,
Sherobod,2009,15206.0,71779.0,47.2043930027621,,
Sherobod,2010,15270.0,70463.0,46.1447282252783,,
Sherobod,2011,15311.0,72870.0,47.6,,
Sherobod,2012,15196.0,74715.0,49.2,,
Sherobod,2013,15136.0,79298.0,52.3903276955603,,
Sherobod,2014,15293.0,83120.0,54.3516641600732,,
Sherobod,2015,15293.0,84296.0,54.1,,
Sherobod,2016,15213.0,84204.0,53.2,,
Sherobod,2017,16970.0,92215.0,53.1,,
Sherobod,2018,17395.0,83918.0,48.2425984478298,,
Sherobod,2019,16753.0,94759.0,56.5,,
Sherobod,2020,16591.0,94708.0,57.0,,
Sherobod,2021,14915.0,100024.0,73.3,,
Sherobod,2022,14345.1,107710.29,64.6,,
Sherobod,2023,12827.7,92570.4,72.2,,
Sherobod,2024,12770.7,91721.4,71.7,,
Sho'rchi,2005,7043.0,36648.0,52.0346443277013,,
Sho'rchi,2006,2153.0,36325.0,50.8,,
Sho'rchi,2007,7083.0,37836.0,53.4,,
Sho'rchi,2008,7245.0,37956.0,52.3904761904762,,
Sho'rchi,2009,7571.0,39992.0,52.8226126007132,,
Sho'rchi,2010,7358.4,35812.0,48.6681887366819,,
Sho'rchi,2011,7336.0,35574.0,48.5,,
Sho'rchi,2012,7371.0,36545.0,49.6,,
Sho'rchi,2013,7308.0,36447.0,49.8727422003284,,
Sho'rchi,2014,7347.0,36693.0,49.9428338097183,,
Sho'rchi,2015,7359.0,35927.0,51.5,,
Sho'rchi,2016,7023.0,35433.0,50.5,,
Sho'rchi,2017,5861.0,29423.0,50.6,,
Sho'rchi,2018,6040.0,28670.0,47.4668874172185,,
Sho'rchi,2019,6223.0,34238.0,54.8,,
Sho'rchi,2020,6364.0,37175.0,58.2,,
Sho'rchi,2021,7250.0,39147.9,54.5,,
Sho'rchi,2022,7420.2,47602.48,61.0,,
Sho'rchi,2023,7412.8,49068.4,65.9,,
Sho'rchi,2024,7520.6,51491.0,68.4,,
