station,year,dust_days,heat_days,wind_days
Sherobod,2013,0.0,98,3
Sherobod,2014,0.0,84,4
Sherobod,2015,0.0,85,6
Sherobod,2016,0.0,103,7
Sherobod,2017,0.0,107,3
Sherobod,2018,0.0,68,81
Sherobod,2019,0.0,32,161
Sherobod,2020,0.0,30,134
Sherobod,2021,0.0,34,153
Sherobod,2022,0.0,33,145
Shurchi,2013,0.0,107,7
Shurchi,2014,0.0,85,8
Shurchi,2015,0.0,89,3
Shurchi,2016,0.0,110,4
Shurchi,2017,0.0,107,3
Shurchi,2018,0.0,89,3
Shurchi,2019,0.0,90,6
Shurchi,2020,0.0,86,0
Shurchi,2021,0.0,127,18
Shurchi,2022,0.0,109,1
Shurchi,2023,0.0,0,0
Termiz,2012,8.0,95,29
Termiz,2013,21.0,114,44
Termiz,2014,19.0,101,36
Termiz,2015,18.0,107,47
Termiz,2016,21.0,125,58
Termiz,2017,17.0,116,46
Termiz,2018,27.0,93,47
Termiz,2019,22.0,102,46
Termiz,2020,18.0,101,45
Termiz,2021,22.0,126,34
Termiz,2022,19.0,110,40
Termiz,2023,16.0,114,36
Termiz,2024,15.0,105,42
Termiz,2025,4.0,22,17
