district,n_years,status,y_ref,y_min,y_max,cv,coverage,exit_level,mu,beta,trend_slope,trend_p,detrended,trigger_prob,pure_rate,gross_rate,burn_rate,n_triggers,RL5,RL10,RL20,RL50,RL100,VaR90,CVaR90,VaR95,CVaR95,VaR99,CVaR99,r_heat35,p_heat35,r_heat30,p_heat30,r_t_max_abs,p_t_max_abs,r_rh_min_mean,p_rh_min_mean,r_precip_sum,p_precip_sum,n,sd_pct,r_viloyat,HE_tuman,HE_viloyat,sof_tarif,chastota_pct,zone
Angor,19,ok,6694.106448014121,4548.94717399335,7680.0,0.10523108028384333,0.8940653504724465,0.4,-332.74985848729034,573.4233132334476,84.32775457464231,0.00707980981391379,True,0.15000000000000013,0.026984664157183147,0.16185543555604645,0.022097649281864747,2,527.3506983716848,957.6632303325105,1370.4293421687123,1904.7127347799471,2305.0829524992178,957.6632303325105,1546.2766476247307,1370.4293421687123,1951.226532089612,2305.0829524992178,2879.9478423898518,0.2737129907730595,0.2568311661841999,-0.003708092953009048,0.9879796478684296,0.06819693970065989,0.7814688800157292,-0.31118841126367264,0.19468734786756678,-0.09415255431551249,0.7014282015919256,19,10.5,0.84,46.7,23.8,1.15,11,Barqaror
Bandixon,10,ok,4336.064462944652,0.0,5660.0,0.3738336814345403,0.6918545002335141,0.4,-622.095783194031,1077.7527725276734,62.13223154331159,0.4099103693528707,False,0.15000000000000002,0.09073563877882379,0.30283372394933367,0.1,1,994.4686961611588,1803.2438430226475,2579.0403814096844,3583.2294236292223,4335.727800005459,1803.2438430226475,2909.5465129585928,2579.0403814096844,3670.6524021764385,4335.727800005459,5416.190025049691,0.3487082940045959,0.3233837834463355,0.44455405982104745,0.19800749340219703,0.27826771870773426,0.4362741367122691,-0.46660373230113644,0.1740044956279685,-0.22893634709846122,0.5246343885300211,10,38.1,0.21,86.7,0.0,10.25,20,Yuqori xavf
Boysun,19,check failed: RL(100) <= reference yield,1348.0280013451993,1320.0,4635.3305785124,0.3292603578329298,0.6633218162060999,0.4,-207.17753378177227,363.8103556649252,-113.6310581333297,0.008363563095818552,True,0.15000000000000002,0.09820151339054224,0.3112950485092812,0.05246545527003559,4,338.5161662772505,611.5294039444957,873.4102561665285,1212.388157144584,1466.4043925235455,611.5294039444957,984.9771723770451,873.4102561665285,1241.8989927733862,1466.4043925235455,1831.1293613621344,0.03895292249045663,0.8742013780287602,0.08565611076544372,0.7273441266577502,0.057358202606899326,0.8155777809131881,-0.09138359562425567,0.7098410593186074,-0.3815917999167505,0.10694279491884658,19,32.9,0.12,69.0,0.4,8.29,42,Yuqori xavf
Denov,19,ok,7157.132898885844,5150.0,7940.000000000001,0.09168594311625408,0.9079209167406014,0.4,-307.8421355694734,532.1327650230564,82.17800273203622,0.0050939246694383135,True,0.15000000000000013,0.022831317986200143,0.1367065031873187,0.023100794898053365,3,490.32507695351444,889.6520526308436,1272.696074961679,1768.5072714282758,2140.0479919938225,889.6520526308436,1435.8811264143565,1272.696074961679,1811.6717452173577,2140.0479919938225,2673.5185299236964,0.3668382169388407,0.12237238734733022,0.14126310464214872,0.5640379420418619,0.14332437576626622,0.5583061742284815,-0.19118726825224983,0.4330028528583048,0.06944281522106995,0.7775713236650509,19,9.2,0.5,38.7,-10.2,1.05,16,Barqaror
Jarqo'rg'on,19,ok,5802.379688929039,3938.4598386918597,8000.0,0.15363891506405153,0.8490606763175019,0.4,-412.26139907307305,708.9138460058646,66.88533294292657,0.07594062614619884,True,0.15000000000000013,0.041363991474891726,0.24687919033821057,0.01986960724051142,3,651.0668257186007,1183.055157857931,1693.351138313754,2353.87694180318,2848.848081482016,1183.055157857931,1910.74828060581,1693.351138313754,2411.3811872395836,2848.848081482016,3559.544125087408,-0.006196214435071898,0.9799152577742505,-0.07786433654796865,0.7513631891804893,0.2849660652857627,0.23699625135850202,-0.006391815655700162,0.9792813530020271,0.11602269258646346,0.6362128192770115,19,15.4,0.75,49.2,17.9,1.7,16,Barqaror
Muzrabod,19,ok,6851.032344446314,3639.1492662744904,8220.0,0.14339517040096528,0.861024150546892,0.4,-456.5840127437877,775.3122997983032,123.35432152617511,0.003949949833658365,True,0.15000000000000002,0.0376511295681478,0.22852593703552207,0.0384151019689294,3,706.337907950169,1288.1534551857853,1846.2448966410861,2568.637021812348,3109.968263683748,1288.1534551857853,2084.0039407191143,1846.2448966410861,2631.527243280945,3109.968263683748,3887.229685688325,0.007779234567794232,0.9747853658296362,0.06358549416541308,0.7959379516105287,0.27355888047228816,0.25710984925151803,-0.2413619996995165,0.3195086809362336,-0.06935662972419453,0.7778407810125536,19,14.4,0.85,62.1,17.2,2.39,16,Barqaror
Oltinsoy,19,ok,5343.024783650462,3830.93085756169,6150.0,0.12679945039840548,0.869532923687649,0.4,-324.5591196908707,562.2839770750803,4.273002433139808,0.8834263957184059,False,0.15000000000000002,0.03457721047247919,0.20888636983615183,0.02630784987643581,4,518.8331014382131,940.78637099019,1345.534077630066,1869.4384671962907,2262.0310826799196,940.78637099019,1517.9653687685422,1345.534077630066,1915.0486862727776,2262.0310826799196,2825.7286323066464,0.15954132362555987,0.5141352901456737,-0.009777754748170851,0.9683103930805985,0.026223107813312316,0.9151367971353228,0.11824537052920651,0.6297166494205209,0.0493567788614048,0.8409667710610632,19,12.7,0.57,47.0,16.6,1.88,21,Barqaror
Qiziriq,18,ok,3177.8699297482963,3149.11448450348,7290.87217514124,0.14418756394874613,0.859703624710365,0.4,-211.60000618815053,361.83699745349134,-157.120062008224,0.00014333044342386192,True,0.15000000000000002,0.03796555593220201,0.2305596334066464,0.012958317890781697,2,331.13377498134224,602.6661506940229,863.1265245758909,1200.265762047057,1452.9041778666867,602.6661506940229,974.0882862414633,863.1265245758909,1229.6165267792846,1452.9041778666867,1815.6508275041708,-0.4191568720450256,0.08337325538602124,-0.4861607617614556,0.04078937893592254,-0.21954729809596224,0.381388681540272,0.5614273555516298,0.01533340539656405,0.21887175302442557,0.38289238727197755,18,14.4,0.42,33.6,15.3,1.17,17,Yuqori xavf
Qumqo'rg'on,19,ok,4893.1475904224235,4010.0,5390.0,0.08351374828578569,0.9169946716470672,0.4,-189.1036820928777,327.61356559014587,-13.601742802926678,0.43495334571126304,False,0.15000000000000024,0.02021256421156051,0.12096126724835206,0.02266765632735248,4,302.2970051406434,548.1471818955195,783.9725739447367,1089.224354347509,1317.9676083381498,548.1471818955195,884.4392996783172,783.9725739447367,1115.7990516681127,1317.9676083381498,1646.4047889746896,-0.2720674446194785,0.25981671127150013,-0.21705215564499913,0.372078585120091,0.07666847081194036,0.7550696502133605,0.32814425977814377,0.17019454695723488,0.22853804511908252,0.34666281981568126,19,8.3,0.45,28.8,11.0,0.74,16,Barqaror
Sariosiyo,19,ok,5475.414915885485,4860.0,6730.0,0.08940040377445417,0.907925603373895,0.4,-235.2193887648855,406.9239774170795,-53.52894593999702,0.025076255412779518,True,0.15000000000000013,0.02282147709185934,0.1366472098623857,0.011358985219513314,3,375.1421565342183,680.5090347145376,973.4242756806648,1352.573009559825,1636.6916313071429,680.5090347145376,1098.2125137987541,973.4242756806648,1385.5810491166594,1636.6916313071429,2044.6386088247696,-0.26482908709013214,0.2732074707127366,0.2291463864426771,0.345345400378369,-0.12498723287779459,0.6101725501899271,-0.08410493196435224,0.7321072365997642,-0.39159136190743155,0.09731469374805733,19,8.9,0.57,18.9,-10.2,0.45,16,Barqaror
Sherobod,19,ok,6796.996676148439,4205.01218238775,7330.0,0.07299911655191288,0.9280831440584274,0.4,-236.30499492324415,399.0860054881446,151.2548713890512,2.679555281853262e-07,True,0.15000000000000002,0.01735902255668895,0.1038564048497976,0.011879576514542,3,362.3000628645515,661.7851126149118,949.0583625368578,1320.9041177321396,1599.550184640398,661.7851126149118,1071.4429902468332,949.0583625368578,1353.276372469613,1599.550184640398,1999.6394856982274,0.2873344724190233,0.23295070688327613,0.35575990301189936,0.13495222059395579,0.21555586596398082,0.3754648441740129,-0.4382000744285212,0.06057455011901028,-0.20971879758208758,0.3888389795969908,19,7.3,0.8,28.4,32.4,0.43,5,Barqaror
Sho'rchi,19,ok,5964.937064162397,4746.68874172185,6840.000000000001,0.08074283790070085,0.917654263778457,0.4,-231.32291745048934,397.6475736790724,65.8370098302458,0.002673910195163686,True,0.15000000000000002,0.020099956008994137,0.12028545680874983,0.006654815193559519,1,365.1245789486521,663.5301901419637,949.7680166842354,1320.273522522271,1597.9152611388783,663.5301901419637,1071.7115316039385,949.7680166842354,1352.5290974456057,1597.9152611388783,1996.5625141940297,0.019514324725019527,0.9367993293984274,0.13817713387842578,0.5726668575815538,0.2683421983754024,0.26665578348953517,-0.08903671426189037,0.7169968249227036,0.1571892164467171,0.5204376966510461,19,8.1,0.7,17.2,27.4,0.25,5,Barqaror
Termiz tumani,19,ok,6792.710703053686,4260.0,7509.999999999999,0.09862257500022141,0.8978328209172957,0.4,-331.1605174964817,564.2128389879302,139.29801910223094,2.443742998744513e-05,True,0.15000000000000002,0.025984928725728423,0.15577559859586065,0.01360590898315583,3,515.1248807446232,938.5256210121539,1344.6617763140598,1870.3633702542493,2264.3027375112642,938.5256210121539,1517.6845766607316,1344.6617763140598,1916.1300508661884,2264.3027375112642,2829.9339981775584,0.19769685641808318,0.41719790024782943,0.07800248376380269,0.7509353502684036,0.12187664352077748,0.6191595581598551,-0.2776224306123733,0.24982529874315704,-0.1558621654498539,0.5240093752163091,19,9.9,0.74,28.1,16.0,0.71,16,Barqaror
Uzun,19,ok,5245.707860449451,3860.0,6300.0,0.12774598399463574,0.8666298497824205,0.4,-325.73800992861635,564.32635102546,7.680775603385893,0.789726616671353,False,0.15000000000000002,0.035509416364284827,0.21479815601660374,0.022016287704196284,3,520.717649556558,944.2035723605329,1350.4214367965053,1876.2287948294932,2270.2474173908013,944.2035723605329,1523.4790470043667,1350.4214367965053,1922.0046830822519,2270.2474173908013,2835.992475461997,0.4363762248927052,0.06177819153833497,0.165625632627426,0.4980017887938929,0.013424086644126155,0.956501866515108,-0.0863218394248583,0.7253028351423253,-0.09689367706863304,0.6931325441040417,19,12.7,0.56,45.2,7.5,1.84,21,Barqaror
