district,n,sd_pct,r_viloyat,HE_tuman,HE_viloyat,sof_tarif,chastota_pct,zone
Bandixon,10,38.1,0.21,86.7,0.0,10.25,20,Yuqori xavf
Boysun,19,32.9,0.12,69.0,0.4,8.29,42,Yuqori xavf
Jarqo'rg'on,19,15.4,0.75,49.2,17.9,1.7,16,Barqaror
Muzrabod,19,14.4,0.85,62.1,17.2,2.39,16,Barqaror
Qiziriq,18,14.4,0.42,33.6,15.3,1.17,17,Yuqori xavf
Oltinsoy,19,12.7,0.57,47.0,16.6,1.88,21,Barqaror
Uzun,19,12.7,0.56,45.2,7.5,1.84,21,Barqaror
Angor,19,10.5,0.84,46.7,23.8,1.15,11,Barqaror
Termiz tumani,19,9.9,0.74,28.1,16.0,0.71,16,Barqaror
Denov,19,9.2,0.5,38.7,-10.2,1.05,16,Barqaror
Sariosiyo,19,8.9,0.57,18.9,-10.2,0.45,16,Barqaror
Qumqo'rg'on,19,8.3,0.45,28.8,11.0,0.74,16,Barqaror
Sho'rchi,19,8.1,0.7,17.2,27.4,0.25,5,Barqaror
Sherobod,19,7.3,0.8,28.4,32.4,0.43,5,Barqaror
