year,district,yield_kg_ha,heat35,heat30,t_max_abs,rh_min_mean,precip_sum
2005,Angor,4951.0073260073295,24,56,45.04,23.812,86.641
2007,Angor,5430.0,39,68,45.79,25.396,89.811
2008,Angor,5553.33822450477,51,70,43.518,19.466,24.295
2009,Angor,6101.11237877924,25,50,40.062,26.87,117.416
2010,Angor,5729.3953919901,28,62,42.34,26.574,74.596
2011,Angor,6130.0,53,71,42.946,16.888,20.125
2012,Angor,5940.0,28,52,40.255,25.616,92.983
2013,Angor,5546.0104399701695,38,58,43.407,22.223,69.236
2014,Angor,5483.83779018513,32,62,43.527,23.827,91.034
2015,Angor,5680.0,40,65,43.669,22.778,48.017
2016,Angor,5090.0,46,64,43.715,25.309,98.295
2017,Angor,5850.0,49,68,43.887,22.026,70.208
2018,Angor,4548.94717399335,37,65,43.112,19.666,47.678
2019,Angor,5830.0,36,56,40.119,23.761,105.895
2020,Angor,7070.0,40,55,44.598,23.29,92.476
2021,Angor,6430.0,47,68,44.692,16.3,41.207
2022,Angor,6080.0,40,78,46.454,20.839,50.11
2023,Angor,7680.0,50,71,44.737,15.876,26.58
2024,Angor,7559.999999999999,38,57,43.386,22.949,93.849
2005,Bandixon,4739.0774586597,3,20,37.952,37.83,214.406
2007,Bandixon,4560.0,7,25,39.166,39.323,266.469
2008,Bandixon,4594.14958836924,6,42,37.886,31.482,119.218
2009,Bandixon,4957.41758241758,0,11,33.66,42.175,372.995
2010,Bandixon,0.0,0,14,34.925,43.506,313.492
2020,Bandixon,4660.0,1,28,37.114,39.452,357.764
2021,Bandixon,4880.0,6,40,38.745,29.227,156.388
2022,Bandixon,3700.0,7,24,39.677,35.879,280.521
2023,Bandixon,5610.0,12,37,37.919,29.173,138.532
2024,Bandixon,5660.0,1,26,36.391,39.37,332.766
2005,Boysun,1851.43127513603,0,5,33.88,41.696,262.618
2007,Boysun,4300.0,1,11,35.334,40.982,236.821
2008,Boysun,4635.3305785124,0,14,34.395,33.83,125.91
2009,Boysun,1900.4779308406,0,0,29.464,43.662,334.369
2010,Boysun,3024.39024390244,0,3,30.495,45.002,291.206
2011,Boysun,3400.0,0,11,32.284,34.814,157.506
2012,Boysun,3450.0,0,0,29.732,42.889,298.225
2013,Boysun,1569.61220597584,0,11,32.953,38.321,239.101
2014,Boysun,1580.30652949822,0,11,32.99,40.058,275.667
2015,Boysun,4310.0,0,11,32.917,36.114,163.528
2016,Boysun,1789.9999999999998,0,9,32.208,42.19,332.321
2017,Boysun,2440.0,0,11,33.663,37.189,200.449
2018,Boysun,1635.5252606255,0,2,31.999,37.977,235.823
2019,Boysun,1560.0,0,0,28.692,43.311,334.726
2020,Boysun,1480.0,0,5,33.627,40.35,286.919
2021,Boysun,1830.0,0,18,34.973,31.394,166.767
2022,Boysun,1610.0000000000002,2,8,36.542,36.787,218.35
2023,Boysun,1320.0,0,21,33.857,30.827,124.768
2024,Boysun,1470.0,0,9,33.048,41.765,289.047
2005,Denov,5260.62206088607,8,24,39.837,37.944,193.217
2007,Denov,5700.0,14,42,39.84,36.658,181.093
2008,Denov,5863.64273204904,19,51,38.83,30.861,107.704
2009,Denov,6824.7892074199,3,18,36.064,40.785,286.227
2010,Denov,6284.7083452279,8,23,37.262,39.8,211.854
2011,Denov,6500.0,21,56,38.571,30.129,123.914
2012,Denov,6409.999999999999,3,28,35.945,38.867,215.595
2013,Denov,6297.88015050014,17,38,38.996,33.884,173.036
2014,Denov,6258.1821496945895,11,32,39.195,37.695,257.641
2015,Denov,5150.0,14,41,38.573,33.643,197.246
2016,Denov,6190.0,17,41,39.662,37.089,239.632
2017,Denov,6590.000000000001,23,52,39.941,33.789,221.678
2018,Denov,6671.08396314318,14,40,37.999,32.478,171.809
2019,Denov,5640.0,4,30,35.566,36.012,211.568
2020,Denov,7120.0,9,37,38.756,36.896,276.9
2021,Denov,7240.000000000001,27,47,40.391,29.524,144.771
2022,Denov,6030.0,10,33,41.589,34.061,189.083
2023,Denov,7880.0,25,44,39.916,27.46,75.135
2024,Denov,7940.000000000001,15,35,39.914,38.729,299.247
2005,Jarqo'rg'on,5151.632719043,22,48,44.64,26.281,112.893
2007,Jarqo'rg'on,5240.0,32,66,44.646,27.592,102.879
2008,Jarqo'rg'on,5348.88636832337,51,67,42.945,20.47,39.265
2009,Jarqo'rg'on,5547.0715408805,19,43,39.591,29.162,142.573
2010,Jarqo'rg'on,4561.976389946691,23,57,41.567,28.569,96.405
2011,Jarqo'rg'on,4090.0,53,69,42.439,18.047,37.491
2012,Jarqo'rg'on,4890.0,23,45,39.569,28.76,130.159
2013,Jarqo'rg'on,4876.5771748411,33,56,42.442,24.348,86.611
2014,Jarqo'rg'on,4986.332791742329,30,57,42.67,26.054,119.281
2015,Jarqo'rg'on,4940.0,39,61,42.431,24.785,70.141
2016,Jarqo'rg'on,5030.0,40,59,42.87,27.198,111.662
2017,Jarqo'rg'on,5000.0,47,67,43.422,24.464,84.632
2018,Jarqo'rg'on,3938.4598386918597,36,63,42.169,21.079,73.834
2019,Jarqo'rg'on,4480.0,27,55,39.267,25.118,115.222
2020,Jarqo'rg'on,5000.0,34,50,44.277,25.187,112.21
2021,Jarqo'rg'on,5370.0,45,65,44.225,17.326,42.792
2022,Jarqo'rg'on,5370.0,35,72,45.298,22.753,70.629
2023,Jarqo'rg'on,6920.0,42,68,44.048,17.649,43.804
2024,Jarqo'rg'on,8000.0,33,52,43.222,26.532,128.317
2005,Muzrabod,5032.50080051233,23,51,44.566,25.73,93.938
2007,Muzrabod,5130.0,34,66,44.927,27.51,97.674
2008,Muzrabod,5169.24250514913,51,66,42.76,20.73,30.842
2009,Muzrabod,5717.48913718188,22,48,39.72,28.716,127.9
2010,Muzrabod,5459.18367346939,24,58,41.528,28.026,76.736
2011,Muzrabod,5280.0,53,69,42.484,17.836,28.263
2012,Muzrabod,5350.0,24,49,39.558,27.842,112.321
2013,Muzrabod,5356.93127962085,35,56,42.53,24.245,76.278
2014,Muzrabod,5338.17457976998,31,60,42.867,25.856,102.924
2015,Muzrabod,5300.0,40,63,42.896,24.229,55.058
2016,Muzrabod,5030.0,42,59,43.276,27.141,101.355
2017,Muzrabod,4750.0,48,68,43.375,24.345,77.785
2018,Muzrabod,3639.1492662744904,37,64,42.454,20.827,62.331
2019,Muzrabod,6000.0,30,55,39.379,25.215,110.749
2020,Muzrabod,6260.0,37,50,44.338,24.51,95.041
2021,Muzrabod,6580.0,46,66,44.455,16.949,41.305
2022,Muzrabod,7640.000000000001,36,71,45.712,22.388,62.981
2023,Muzrabod,7700.0,42,69,44.23,17.296,33.302
2024,Muzrabod,8220.0,35,55,43.235,24.798,101.216
2005,Oltinsoy,4468.82841150357,7,24,39.913,35.778,173.255
2007,Oltinsoy,4980.0,12,41,39.814,34.964,146.07
2008,Oltinsoy,4972.00546234881,17,51,38.406,28.795,94.381
2009,Oltinsoy,5595.2698836544005,3,21,35.877,38.547,209.918
2010,Oltinsoy,5516.92369317044,8,23,37.295,37.016,164.305
2011,Oltinsoy,5900.0,21,56,38.363,27.696,91.631
2012,Oltinsoy,5930.0,1,27,35.724,36.899,197.563
2013,Oltinsoy,6057.17111770524,17,38,39.072,32.064,143.992
2014,Oltinsoy,5986.34146341463,12,33,38.843,34.96,199.134
2015,Oltinsoy,5850.0,14,41,38.532,31.91,140.279
2016,Oltinsoy,6150.0,18,39,39.756,35.004,183.353
2017,Oltinsoy,4930.0,22,50,39.839,31.034,153.969
2018,Oltinsoy,3830.93085756169,13,40,38.053,29.354,140.847
2019,Oltinsoy,4560.0,3,30,35.227,34.34,180.912
2020,Oltinsoy,4470.0,11,37,39.102,35.032,229.213
2021,Oltinsoy,5190.0,27,50,40.567,26.137,101.37
2022,Oltinsoy,5260.0,12,35,41.707,31.682,149.304
2023,Oltinsoy,5730.0,25,44,39.992,25.129,65.203
2024,Oltinsoy,6140.0,14,34,39.736,36.113,238.983
2005,Qiziriq,5566.57381615599,15,32,42.171,30.226,128.302
2007,Qiziriq,6090.0,19,52,42.763,32.722,144.545
2008,Qiziriq,5317.183881426589,31,56,41.005,24.026,55.467
2009,Qiziriq,5779.6548920408395,6,31,37.351,33.901,195.04
2010,Qiziriq,7290.87217514124,13,29,38.991,34.002,145.662
2011,Qiziriq,4140.0,35,60,40.167,22.376,72.447
2012,Qiziriq,4300.0,7,33,36.861,32.848,189.297
2013,Qiziriq,4299.57461686382,20,40,40.311,29.354,136.402
2014,Qiziriq,4295.17441860465,17,44,40.574,30.323,135.748
2015,Qiziriq,4330.0,23,49,40.408,27.581,93.143
2016,Qiziriq,4440.0,22,51,40.773,31.184,131.275
2017,Qiziriq,3770.0000000000005,32,52,41.299,28.007,120.918
2018,Qiziriq,3149.11448450348,22,44,40.087,25.506,124.448
2019,Qiziriq,4620.0,8,39,36.652,30.977,179.508
2020,Qiziriq,3370.0000000000005,20,42,40.995,30.888,175.609
2021,Qiziriq,3770.0000000000005,33,54,42.123,20.425,62.335
2022,Qiziriq,3410.0,18,52,43.135,27.296,137.884
2023,Qiziriq,3460.0,32,60,41.524,21.866,66.367
2005,Qumqo'rg'on,5084.9341871220195,19,36,43.556,30.341,121.768
2007,Qumqo'rg'on,4720.0,22,56,43.199,31.905,117.043
2008,Qumqo'rg'on,4816.18752764264,38,58,41.131,23.898,54.833
2009,Qumqo'rg'on,5066.092703713371,10,32,38.706,33.259,165.465
2010,Qumqo'rg'on,5002.12765957447,15,42,40.711,31.974,110.623
2011,Qumqo'rg'on,5140.0,47,65,41.342,21.357,59.498
2012,Qumqo'rg'on,5140.0,11,39,38.173,32.234,141.584
2013,Qumqo'rg'on,5217.31734285957,28,48,41.512,27.944,111.426
2014,Qumqo'rg'on,5194.7022102244,22,51,41.699,29.712,144.299
2015,Qumqo'rg'on,5210.0,27,54,41.538,26.844,84.356
2016,Qumqo'rg'on,5370.0,29,54,42.102,30.671,141.07
2017,Qumqo'rg'on,4010.0,39,56,42.356,28.005,121.351
2018,Qumqo'rg'on,4178.4425868895705,31,54,41.218,23.845,98.534
2019,Qumqo'rg'on,4230.0,19,47,38.03,28.489,134.196
2020,Qumqo'rg'on,4840.0,32,45,42.584,29.19,156.312
2021,Qumqo'rg'on,4440.0,41,62,43.453,19.508,54.682
2022,Qumqo'rg'on,5120.0,26,63,44.491,26.534,110.877
2023,Qumqo'rg'on,4800.0,38,63,42.795,20.814,39.203
2024,Qumqo'rg'on,5390.0,28,48,42.659,29.727,159.831
2005,Sariosiyo,6229.73523421589,0,8,34.455,44.618,370.271
2007,Sariosiyo,6730.0,1,14,35.047,41.276,298.666
2008,Sariosiyo,6411.352329262781,0,23,34.14,36.183,191.993
2009,Sariosiyo,5954.52683326506,0,3,30.482,45.347,468.016
2010,Sariosiyo,6562.87860431306,0,5,31.165,45.846,399.163
2011,Sariosiyo,6609.999999999999,0,22,33.192,35.301,201.506
2012,Sariosiyo,6640.000000000001,0,2,30.714,44.263,403.807
2013,Sariosiyo,6211.12115732369,0,19,33.984,38.68,260.911
2014,Sariosiyo,6138.96336014299,0,11,34.018,43.335,370.606
2015,Sariosiyo,5680.0,0,15,33.052,38.171,321.235
2016,Sariosiyo,5020.0,0,16,34.444,42.138,371.67
2017,Sariosiyo,5630.0,0,23,34.723,37.863,305.826
2018,Sariosiyo,5601.284584980241,0,11,32.262,40.385,346.714
2019,Sariosiyo,5130.0,0,3,30.405,40.936,328.56
2020,Sariosiyo,5170.0,0,8,34.086,41.819,425.473
2021,Sariosiyo,5920.0,0,23,34.755,35.924,348.718
2022,Sariosiyo,4860.0,2,8,36.05,40.403,431.796
2023,Sariosiyo,6659.999999999999,0,25,34.388,33.752,172.813
2024,Sariosiyo,6080.0,0,16,34.55,43.546,515.878
2005,Sherobod,4205.01218238775,18,36,42.948,31.225,164.822
2007,Sherobod,4320.0,23,57,43.902,32.721,174.848
2008,Sherobod,4518.71563236449,38,57,42.204,24.585,68.036
2009,Sherobod,4720.43930027621,11,31,38.175,35.343,237.396
2010,Sherobod,4614.47282252783,14,34,39.922,35.384,197.435
2011,Sherobod,4760.0,43,63,40.982,23.236,93.219
2012,Sherobod,4920.0,12,38,37.923,34.235,245.381
2013,Sherobod,5239.03276955603,26,42,41.395,29.753,168.994
2014,Sherobod,5435.16641600732,21,52,41.588,30.528,152.303
2015,Sherobod,5410.0,26,54,41.566,28.671,117.335
2016,Sherobod,5320.0,26,53,41.512,31.653,156.744
2017,Sherobod,5310.0,40,56,42.059,27.813,135.414
2018,Sherobod,4824.25984478298,28,50,40.954,26.595,156.758
2019,Sherobod,5650.0,14,41,37.34,32.936,233.164
2020,Sherobod,5700.0,25,44,41.865,32.008,218.728
2021,Sherobod,7330.0,37,58,42.803,21.414,79.224
2022,Sherobod,6459.999999999999,23,59,44.108,27.84,161.698
2023,Sherobod,7220.0,36,61,42.589,21.973,89.062
2024,Sherobod,7170.0,26,46,41.317,31.224,199.098
2005,Sho'rchi,5203.46443277013,17,35,43.282,32.0,138.845
2007,Sho'rchi,5340.0,21,56,42.956,32.681,121.363
2008,Sho'rchi,5239.04761904762,35,58,41.121,25.296,67.55
2009,Sho'rchi,5282.26126007132,11,32,38.734,34.565,159.301
2010,Sho'rchi,4866.81887366819,15,38,40.637,33.004,120.13
2011,Sho'rchi,4850.0,48,65,41.186,23.208,64.835
2012,Sho'rchi,4960.0,11,35,38.394,34.329,161.101
2013,Sho'rchi,4987.27422003284,28,48,41.986,28.551,116.36
2014,Sho'rchi,4994.28338097183,21,49,41.718,30.925,152.393
2015,Sho'rchi,5150.0,27,53,41.558,28.634,98.629
2016,Sho'rchi,5050.0,30,53,42.398,31.339,137.464
2017,Sho'rchi,5060.0,41,55,42.464,28.745,123.94
2018,Sho'rchi,4746.68874172185,30,53,41.292,25.071,107.356
2019,Sho'rchi,5480.0,19,47,38.157,30.543,145.001
2020,Sho'rchi,5820.0,28,44,41.78,31.621,194.108
2021,Sho'rchi,5450.0,36,61,43.009,22.059,77.173
2022,Sho'rchi,6100.0,22,57,44.227,28.098,119.387
2023,Sho'rchi,6590.000000000001,35,61,42.163,21.923,49.846
2024,Sho'rchi,6840.000000000001,25,46,42.033,32.57,197.063
2005,Termiz tumani,4414.82523101647,24,58,45.447,25.903,100.54
2007,Termiz tumani,4260.0,41,69,45.534,27.584,91.845
2008,Termiz tumani,4306.67800935772,52,72,44.113,19.808,28.643
2009,Termiz tumani,5429.74165091367,28,52,40.275,29.789,125.491
2010,Termiz tumani,5426.31669240007,29,62,42.47,30.421,112.067
2011,Termiz tumani,5060.0,53,72,42.972,18.181,28.396
2012,Termiz tumani,5290.0,31,55,40.259,28.287,94.791
2013,Termiz tumani,5238.9625816669995,39,61,42.967,24.163,71.902
2014,Termiz tumani,5226.67452366922,34,67,43.762,25.676,109.533
2015,Termiz tumani,4870.0,41,65,43.689,25.118,75.377
2016,Termiz tumani,5430.0,49,66,43.711,27.228,98.18
2017,Termiz tumani,5600.0,48,69,43.766,24.254,87.097
2018,Termiz tumani,4989.045383411581,38,65,43.327,20.887,62.0
2019,Termiz tumani,5170.0,38,60,40.566,24.443,103.321
2020,Termiz tumani,5730.0,40,56,45.063,25.018,109.673
2021,Termiz tumani,7480.0,47,70,44.881,17.956,38.78
2022,Termiz tumani,6350.0,42,76,46.042,23.604,54.913
2023,Termiz tumani,7320.0,48,71,44.655,18.356,41.727
2024,Termiz tumani,7509.999999999999,38,57,43.222,26.331,103.138
2005,Uzun,4713.68272951108,4,17,38.019,38.006,207.37
2007,Uzun,4750.0,7,27,38.219,36.02,174.267
2008,Uzun,5310.05681818182,6,41,37.027,30.712,122.435
2009,Uzun,5619.18755401902,0,12,34.063,40.468,267.269
2010,Uzun,5930.96885813149,1,14,35.008,39.418,195.496
2011,Uzun,5450.0,7,46,36.603,30.053,116.464
2012,Uzun,5110.0,0,11,33.859,38.501,249.098
2013,Uzun,5157.67331260289,10,29,37.25,33.941,169.105
2014,Uzun,5132.558561830399,7,22,37.049,37.381,242.208
2015,Uzun,5670.0,5,28,36.632,33.401,167.952
2016,Uzun,5800.0,9,31,37.816,37.024,230.107
2017,Uzun,5810.0,9,43,38.22,32.359,177.458
2018,Uzun,4294.321514262861,3,33,36.131,31.522,177.677
2019,Uzun,4460.0,0,20,33.424,36.158,221.012
2020,Uzun,4550.0,2,31,37.899,35.853,269.706
2021,Uzun,5540.0,14,43,39.057,27.534,110.083
2022,Uzun,3860.0,6,29,40.216,32.805,168.958
2023,Uzun,6210.0,20,39,38.962,25.961,80.577
2024,Uzun,6300.0,8,28,38.474,36.82,280.179
